STATION_ID,SAMPLE_ID,TOW_DIST_m,TOW_AREA_m2
RO01161,20017193,500,1380
RO01161,20017194,500,1380
RO036057,20038490,500,1380
RO036057,20038491,500,1380
RT022170,20027732,250,690
RT022170,20027733,250,690
RT09110,20098830,250,690
RT09110,20098829,250,690
RO13332,20138009,500,1380
RO13332,20138010,500,1380
RO13335,20138069,500,1380
RT13054,20138450,250,690
RT13054,20138449,250,690
RO06325,20068450,250,690
RO06325,20068451,220,607.2
RO00024,20006095,500,1380
RO00023,20006295,500,1380
RO026025,20027293,500,1380
RO026022,20027333,500,1380
RO036036,20038110,500,1380
RO036038,20038151,500,1380
RO046082,20048430,500,1380
RO046090,20048590,500,1380
RO056096,20058111,500,1380
RO056102,20058230,500,1380
RO056109,20058371,500,1380
RO06311,20068191,500,1380
RO06323,20068410,500,1380
RO07329,20079031,500,1380
RO07342,20079290,500,1380
RO08356,20088550,500,1380
RO12328,20128029,500,1380
RO14347,20148010,500,1380
RO14348,20148029,500,1380
RO14350,20148069,480,1324.8
RO15370,20158150,500,1380
RO99303,19995852,500,1380
RO01133,20017653,500,1380
RO00017,20006253,500,1380
RO00006,20007035,500,1380
RO01133,20017654,500,1380
RO01144,20017874,500,1380
RO01132,20018034,500,1380
RO026013,20027193,470,1297.2
RO026151,20027413,500,1380
RO026014,20027993,500,1380
RO036032,20038031,500,1380
RO046077,20048330,500,1380
RO046081,20048411,500,1380
RO056099,20058170,500,1380
RO07338,20079210,500,1380
RO08354,20088510,500,1380
RO12328,20128030,500,1380
RO13340,20138169,500,1380
RO13346,20138290,500,1380
RO14358,20148230,500,1380
RO16390,20168210,500,1380
RO17404,20178115,500,1380
RO17409,20178270,500,1380
RO026022,20027332,500,1380
RO026017,20027352,370,1021.2
RO036033,20038050,500,1380
RO036033,20038051,500,1380
RO036041,20038210,500,1380
RO046072,20048230,470,1297.2
RO056109,20058370,500,1380
RO06310,20068170,500,1380
RO06312,20068210,500,1380
RO07338,20079211,500,1380
RO08347,20088371,500,1380
RO09361,20098350,500,1380
RO11307,20118430,500,1380
RO01164,20017674,500,1380
RO01132,20018033,500,1380
RO01116,20018073,500,1380
RO026011,20027873,500,1380
RO026006,20028152,500,1380
RO046065,20048090,500,1380
RO046073,20048251,500,1380
RO056115,20058491,500,1380
RO07340,20079250,500,1380
RO09363,20098389,500,1380
RO11301,20118310,500,1380
RO12316,20128064,500,1380
RO14354,20148150,500,1380
RO15365,20158050,500,1380
RO16386,20168129,500,1380
RO18417,20188129,500,1380
RO18420,20188189,500,1380
RO18421,20188209,500,1380
RO01165,20017213,500,1380
RO01165,20017214,500,1380
RO99307,19995232,500,1380
RO00015,20007053,500,1380
RO00015,20007055,500,1380
RO056095,20058090,500,1380
RO14359,20148249,500,1380
RO14359,20148250,500,1380
RO06318,20068310,500,1380
RO01122,20017533,500,1380
RO056098,20058150,500,1380
RO056098,20058151,500,1380
RO99307,19995233,500,1380
RO99323,19995652,510,1407.6
RO00047,20006133,500,1380
RO01129,20017034,500,1380
RO01162,20018053,500,1380
RO026029,20027273,500,1380
RO026030,20027792,500,1380
RO046080,20048390,500,1380
RO056114,20058470,500,1380
RO06304,20068070,500,1380
RO06305,20068090,500,1380
RO06305,20068091,500,1380
RO06308,20068131,500,1380
RO06310,20068171,500,1380
RO06312,20068211,500,1380
RO06313,20068231,500,1380
RO06315,20068271,500,1380
RO06320,20068350,500,1380
RO06321,20068370,500,1380
RO06324,20068430,500,1380
RO06324,20068431,500,1380
RO06326,20068471,500,1380
RO06327,20068490,500,1380
RO06327,20068491,480,1324.8
RO09363,20098390,500,1380
RO10392,20108589,500,1380
RO15364,20158030,500,1380
RO15370,20158149,500,1380
RO18422,20188230,500,1380
RO00049,20006155,500,1380
RO046074,20048270,500,1380
RO99322,19995032,500,1380
RO99325,19995392,500,1380
RO99325,19995393,500,1380
RO99305,19995433,500,1380
RO99315,19995512,500,1380
RO99330,19995572,500,1380
RO00036,20006335,500,1380
RO00016,20006573,500,1380
RO00059,20006915,500,1380
RO01131,20017793,500,1380
RO01144,20017873,500,1380
RO026002,20027973,500,1380
RO046066,20048110,500,1380
RO046074,20048271,500,1380
RO046078,20048351,500,1380
RO046079,20048371,500,1380
RO046083,20048450,500,1380
RO07333,20079111,500,1380
RO07340,20079251,510,1407.6
RO10378,20108368,500,1380
RO13336,20138089,500,1380
RO13345,20138269,500,1380
RO14353,20148129,500,1380
RO15366,20158069,500,1380
RO15366,20158070,500,1380
RO16386,20168130,500,1380
RO16388,20168169,500,1380
RO17408,20178249,500,1380
RO17409,20178269,500,1380
RO18425,20188290,500,1380
RO99327,19995112,500,1380
RO99327,19995113,500,1380
RO99317,19995133,500,1380
RO99312,19995152,500,1380
RO99311,19995252,500,1380
RO99311,19995253,500,1380
RO99324,19995452,500,1380
RO99324,19995453,500,1380
RO99329,19995492,500,1380
RO99329,19995493,500,1380
RO99315,19995513,500,1380
RO99320,19995532,500,1380
RO99330,19995573,500,1380
RO99323,19995653,500,1380
RO99318,19995773,500,1380
RO99308,19995793,500,1380
RO99310,19995892,500,1380
RO99310,19995893,500,1380
RO99316,19996012,500,1380
RO99316,19996013,500,1380
RO99321,19996032,500,1380
RO99321,19996033,500,1380
RO99326,19996252,500,1380
RO99326,19996253,500,1380
RO00009,20006013,500,1380
RO00009,20006015,500,1380
RO00008,20006175,500,1380
RO00017,20006255,500,1380
RO00058,20006353,500,1380
RO00058,20006355,500,1380
RO00045,20006493,500,1380
RO00016,20006575,500,1380
RO00033,20006653,500,1380
RO00033,20006655,500,1380
RO00020,20007073,500,1380
RO00020,20007075,500,1380
RO01146,20017313,500,1380
RO01146,20017314,500,1380
RO01117,20017354,500,1380
RO01108,20017413,500,1380
RO01122,20017534,500,1380
RO01114,20017594,500,1380
RO01164,20017673,500,1380
RO01148,20017714,500,1380
RO01131,20017794,500,1380
RO01123,20017993,500,1380
RO01162,20018054,500,1380
RO026151,20027412,500,1380
RO026024,20027492,500,1380
RO026012,20027573,500,1380
RO026021,20027633,500,1380
RO026006,20028153,500,1380
RO036035,20038091,500,1380
RO036039,20038170,500,1380
RO036041,20038211,500,1380
RO036044,20038270,500,1380
RO036048,20038330,500,1380
RO036048,20038331,500,1380
RO036050,20038371,500,1380
RO036052,20038390,500,1380
RO036053,20038410,500,1380
RO036053,20038411,500,1380
RO036055,20038450,500,1380
RO036056,20038470,500,1380
RO036059,20038531,500,1380
RO046072,20048231,500,1380
RO046073,20048250,500,1380
RO046076,20048311,500,1380
RO046077,20048331,500,1380
RO046080,20048391,500,1380
RO046084,20048470,500,1380
RO046085,20048490,500,1380
RO056091,20058010,500,1380
RO056093,20058050,500,1380
RO056095,20058091,500,1380
RO056103,20058250,500,1380
RO056106,20058310,500,1380
RO056107,20058330,500,1380
RO056107,20058331,500,1380
RO056111,20058410,500,1380
RO06311,20068190,500,1380
RO06319,20068330,500,1380
RO06323,20068411,500,1380
RO07328,20079010,500,1380
RO07332,20079091,520,1435.2
RO07334,20079130,500,1380
RO07335,20079151,500,1380
RO07336,20079171,500,1380
RO07339,20079230,500,1380
RO07339,20079231,500,1380
RO07341,20079270,500,1380
RO08349,20088410,500,1380
RO08350,20088431,500,1380
RO08351,20088450,500,1380
RO08356,20088551,500,1380
RO09360,20098329,500,1380
RO09361,20098349,500,1380
RO09367,20098449,500,1380
RO09367,20098450,500,1380
RO09372,20098549,500,1380
RO09372,20098550,500,1380
RO10376,20108329,500,1380
RO10379,20108388,500,1380
RO10387,20108489,500,1380
RO11311,20118510,500,1380
RO12316,20128065,500,1380
RO12318,20128105,500,1380
RO13339,20138149,500,1380
RO13344,20138249,500,1380
RO14348,20148030,500,1380
RO14353,20148130,500,1380
RO14358,20148229,500,1380
RO15362,20158009,500,1380
RO16379,20168010,500,1380
RO16380,20168029,500,1380
RO16382,20168069,500,1380
RO16391,20168230,500,1380
RO16392,20168249,500,1380
RO16392,20168250,500,1380
RO17403,20178095,500,1380
RO17395,20178174,500,1380
RO17407,20178230,500,1380
RO17408,20178250,500,1380
RO18419,20188170,500,1380
RO18420,20188190,500,1380
RO18421,20188210,500,1380
RO00059,20006913,500,1380
RO026020,20027953,500,1380
RO056102,20058231,500,1380
RO09373,20098569,500,1380
RO11301,20118309,500,1380
RO00007,20006413,500,1380
RO00007,20006415,500,1380
RO99308,19995792,500,1380
RO99303,19995853,500,1380
RO99328,19995952,500,1380
RO00046,20007155,500,1380
RO026019,20028132,500,1380
RO07330,20079051,500,1380
RO00055,20007133,500,1380
RO00055,20007135,500,1380
RO01130,20017373,500,1380
RO01147,20017633,500,1380
RO026007,20027093,370,1021.2
RO026017,20027353,250,690
RO026002,20027972,500,1380
RO036035,20038090,500,1380
RO036044,20038271,500,1380
RO046089,20048571,500,1380
RO056094,20058071,500,1380
RO056096,20058110,500,1380
RO056097,20058130,500,1380
RO056097,20058131,500,1380
RO056101,20058211,500,1380
RO056105,20058290,500,1380
RO06315,20068270,500,1380
RO06320,20068351,500,1380
RO11307,20118429,500,1380
RO11308,20118450,500,1380
RO12323,20128204,500,1380
RO13333,20138030,500,1380
RO15372,20158190,500,1380
RO18425,20188289,500,1380
RO046075,20048290,500,1380
RO026001,20027033,500,1380
RO01129,20017033,500,1380
RO01124,20018133,470,1297.2
RO026021,20027632,500,1380
RO11303,20118349,500,1380
RO036050,20038370,500,1380
RO046068,20048150,500,1380
RO16388,20168170,500,1380
RO046075,20048291,500,1380
RO01125,20017293,500,1380
RO15369,20158129,500,1380
RO036152,20038570,500,1380
RO08344,20088331,500,1380
RO09364,20098410,500,1380
RO99313,19995712,500,1380
RO00019,20006895,500,1380
RO01148,20017713,500,1380
RO026020,20027952,500,1380
RO036036,20038111,500,1380
RO036152,20038571,500,1380
RO046068,20048151,500,1380
RO046078,20048350,500,1380
RO06318,20068311,500,1380
RO06321,20068371,500,1380
RO07329,20079030,500,1380
RO08357,20088571,500,1380
RO09366,20098430,500,1380
RO10377,20108349,500,1380
RO10378,20108369,500,1380
RO10382,20108429,500,1380
RO10391,20108569,500,1380
RO11312,20118530,500,1380
RO99320,19995533,500,1380
RO99306,19996133,500,1380
RO00006,20007033,500,1380
RO01114,20017593,500,1380
RO01110,20018153,500,1380
RO036056,20038471,500,1380
RO036060,20038550,500,1380
RO046065,20048091,500,1380
RO046087,20048530,500,1380
RO046088,20048551,500,1380
RO056100,20058190,500,1380
RO056101,20058210,500,1380
RO056111,20058411,500,1380
RO056115,20058490,500,1380
RO06308,20068130,500,1380
RO06313,20068230,500,1380
RO07331,20079071,500,1380
RO07337,20079191,500,1380
RO09362,20098370,500,1380
RO09364,20098409,500,1380
RO09370,20098509,500,1380
RO10376,20108328,500,1380
RO11310,20118490,500,1380
RO12322,20128184,500,1380
RO13336,20138090,500,1380
RO13344,20138250,500,1380
RO16393,20168269,500,1380
RO10385,20108468,500,1380
RO11302,20118330,500,1380
RO11305,20118389,500,1380
RO16393,20168270,500,1380
RO16394,20168290,500,1380
RO99318,19995772,500,1380
RO00057,20007175,500,1380
RO01147,20017634,500,1380
RO01145,20017853,500,1380
RO01145,20017854,500,1380
RO01111,20017974,500,1380
RO026007,20027092,500,1380
RO026003,20027372,500,1380
RO026003,20027373,500,1380
RO036032,20038030,500,1380
RO046066,20048111,500,1380
RO046087,20048531,500,1380
RO056093,20058051,500,1380
RO056105,20058291,500,1380
RO056112,20058431,500,1380
RO056114,20058471,500,1380
RO07341,20079271,530,1462.8
RO09368,20098469,500,1380
RO10388,20108509,500,1380
RO10392,20108588,500,1380
RO11309,20118470,500,1380
RO13341,20138189,500,1380
RO13341,20138190,500,1380
RO18413,20188069,500,1380
RO18415,20188109,500,1380
RO18415,20188110,500,1380
RO036058,20038511,500,1380
RO99317,19995132,500,1380
RO99312,19995153,500,1380
RO99306,19996132,500,1380
RO00037,20006113,500,1380
RO01125,20017294,500,1380
RO01117,20017353,500,1380
RO026016,20027773,500,1380
RO026026,20027812,500,1380
RO026026,20027813,500,1380
RO036040,20038190,500,1380
RO036058,20038510,500,1380
RO046079,20048370,540,1490.4
RO046088,20048550,500,1380
RO056092,20058030,500,1380
RO056092,20058031,500,1380
RO056099,20058171,500,1380
RO056110,20058390,500,1380
RO056112,20058430,500,1380
RO07336,20079170,500,1380
RO09368,20098470,500,1380
RO11310,20118489,500,1380
RO11312,20118529,500,1380
RO12324,20128224,500,1380
RO13339,20138150,500,1380
RO14351,20148089,400,1104
RO14360,20148269,500,1380
RO18412,20188049,500,1380
RO99322,19995033,500,1380
RO99313,19995713,500,1380
RO00023,20006293,500,1380
RO00036,20006333,500,1380
RO00056,20006433,500,1380
RO00056,20006435,500,1380
RO00034,20007113,500,1380
RO00034,20007115,500,1380
RO00057,20007173,500,1380
RO01108,20017414,500,1380
RO026029,20027272,500,1380
RO026025,20027292,500,1380
RO026027,20027312,500,1380
RO026027,20027313,500,1380
RO026004,20027513,500,1380
RO026008,20027532,500,1380
RO026010,20027592,500,1380
RO036031,20038010,500,1380
RO036046,20038290,500,1380
RO036052,20038391,500,1380
RO046061,20048011,500,1380
RO046062,20048030,500,1380
RO046062,20048031,440,1214.4
RO046083,20048451,500,1380
RO046085,20048491,500,1380
RO056094,20058070,500,1380
RO056100,20058191,500,1380
RO056110,20058391,500,1380
RO06301,20068011,500,1380
RO06303,20068050,500,1380
RO06303,20068051,500,1380
RO06317,20068290,500,1380
RO07328,20079011,500,1380
RO07331,20079070,460,1269.6
RO09362,20098369,500,1380
RO10377,20108348,500,1380
RO10383,20108448,500,1380
RO10387,20108488,500,1380
RO10390,20108548,500,1380
RO10390,20108549,500,1380
RO11304,20118369,500,1380
RO11304,20118370,500,1380
RO11308,20118449,500,1380
RO11313,20118550,500,1380
RO11315,20118589,500,1380
RO11315,20118590,500,1380
RO12320,20128145,500,1380
RO12326,20128264,500,1380
RO13340,20138170,500,1380
RO13342,20138210,500,1380
RO14360,20148270,500,1380
RO15372,20158189,500,1380
RO15374,20158210,500,1380
RO15375,20158230,500,1380
RO15376,20158250,500,1380
RO15377,20158269,500,1380
RO15377,20158270,500,1380
RO16384,20168109,500,1380
RO17404,20178114,500,1380
RO17397,20178215,500,1380
RO17407,20178229,500,1380
RO18412,20188050,500,1380
RO18418,20188149,500,1380
RO18426,20188310,500,1380
RO11305,20118390,500,1380
RO16381,20168050,500,1380
RO99328,19995953,500,1380
RO00024,20006093,500,1380
RO00018,20006273,500,1380
RO00045,20006495,500,1380
RO00035,20006733,500,1380
RO00035,20006735,500,1380
RO00022,20006813,500,1380
RO00021,20007093,500,1380
RO00021,20007095,500,1380
RO00046,20007153,500,1380
RO01113,20017174,500,1380
RO01130,20017374,500,1380
RO01123,20017994,500,1380
RO01124,20018134,460,1269.6
RO026005,20027013,500,1380
RO026001,20027032,500,1380
RO026013,20027192,510,1407.6
RO026024,20027493,500,1380
RO026008,20027533,500,1380
RO026012,20027572,500,1380
RO026010,20027593,500,1380
RO026023,20027652,500,1380
RO026023,20027653,500,1380
RO026030,20027793,500,1380
RO026011,20027872,500,1380
RO026009,20027892,500,1380
RO026009,20027893,500,1380
RO026028,20028033,500,1380
RO036038,20038150,500,1380
RO036047,20038311,510,1407.6
RO046063,20048051,500,1380
RO046064,20048070,500,1380
RO046064,20048071,500,1380
RO046069,20048170,500,1380
RO046076,20048310,500,1380
RO046082,20048431,500,1380
RO046090,20048591,500,1380
RO056091,20058011,500,1380
RO056104,20058271,500,1380
RO056106,20058311,500,1380
RO056113,20058451,500,1380
RO06314,20068251,500,1380
RO06317,20068291,500,1380
RO07330,20079050,500,1380
RO07342,20079291,500,1380
RO08343,20088310,500,1380
RO08343,20088311,500,1380
RO08348,20088390,500,1380
RO08355,20088530,500,1380
RO08355,20088531,500,1380
RO08357,20088570,500,1380
RO09359,20098310,500,1380
RO09369,20098489,500,1380
RO09371,20098529,500,1380
RO10375,20108308,500,1380
RO10379,20108389,500,1380
RO10380,20108408,500,1380
RO10385,20108469,500,1380
RO11303,20118350,500,1380
RO11306,20118409,500,1380
RO11309,20118469,500,1380
RO11313,20118549,500,1380
RO11314,20118569,500,1380
RO11314,20118570,500,1380
RO12329,20128049,500,1380
RO12329,20128050,500,1380
RO12317,20128084,500,1380
RO12317,20128085,500,1380
RO12319,20128125,500,1380
RO12320,20128144,500,1380
RO12326,20128265,500,1380
RO13338,20138129,500,1380
RO13342,20138209,500,1380
RO14347,20148009,500,1380
RO14361,20148289,500,1380
RO14361,20148290,500,1380
RO15368,20158109,500,1380
RO17403,20178094,500,1380
RO18417,20188130,500,1380
RO18419,20188169,500,1380
RO18422,20188229,500,1380
RO18423,20188249,500,1380
RO18424,20188269,500,1380
RO18426,20188309,500,1380
RO99309,19995832,500,1380
RO00047,20006135,500,1380
RO00019,20006893,500,1380
RO01113,20017173,500,1380
RO01112,20017333,500,1380
RO01112,20017334,500,1380
RO01110,20018154,500,1380
RO026018,20027613,500,1380
RO036031,20038011,500,1380
RO036034,20038070,500,1380
RO036040,20038191,500,1380
RO036042,20038230,500,1380
RO036042,20038231,500,1380
RO036054,20038430,500,1380
RO036153,20038590,500,1380
RO036153,20038591,500,1380
RO046063,20048050,500,1380
RO046084,20048471,500,1380
RO056104,20058270,500,1380
RO06301,20068010,500,1380
RO07332,20079090,500,1380
RO08346,20088351,500,1380
RO10383,20108449,500,1380
RO10388,20108508,500,1380
RO10391,20108568,500,1380
RO11311,20118509,500,1380
RO12319,20128124,500,1380
RO12322,20128185,500,1380
RO13333,20138029,500,1380
RO13338,20138130,500,1380
RO14354,20148149,500,1380
RO14356,20148189,500,1380
RO16380,20168030,500,1380
RO16383,20168090,500,1380
RO17396,20178194,500,1380
RO06302,20068030,500,1380
RO09371,20098530,500,1380
RO13345,20138270,500,1380
RO15368,20158110,500,1380
RO00048,20006053,500,1380
RO00018,20006275,500,1380
RO01109,20017134,500,1380
RO026005,20027012,500,1380
RO026019,20028133,500,1380
RO036039,20038171,500,1380
RO036043,20038250,500,1380
RO036043,20038251,500,1380
RO036046,20038291,500,1380
RO036054,20038431,500,1380
RO046067,20048131,500,1380
RO046071,20048211,500,1380
RO08348,20088391,500,1380
RO08358,20088590,500,1380
RO12330,20128289,500,1380
RO12330,20128290,500,1380
RO13334,20138049,500,1380
RO13334,20138050,500,1380
RO13343,20138229,500,1380
RO13343,20138230,500,1380
RO13346,20138289,500,1380
RO14352,20148110,500,1380
RO14356,20148190,500,1380
RO14357,20148210,500,1380
RO15375,20158229,500,1380
RO16384,20168110,500,1380
RO16387,20168149,500,1380
RO16387,20168150,500,1380
RO16394,20168289,500,1380
RO17399,20178035,500,1380
RO18411,20188029,500,1380
RO18411,20188030,500,1380
RO036037,20038131,500,1380
RO00022,20006815,500,1380
RO01116,20018074,500,1380
RO01163,20018173,500,1380
RO01163,20018174,500,1380
RO01115,20018194,500,1380
RO036055,20038451,500,1380
RO046069,20048171,500,1380
RO056113,20058450,500,1380
RO14357,20148209,500,1380
RO15374,20158209,500,1380
RO15378,20158289,500,1380
RO16390,20168209,500,1380
RO17395,20178175,500,1380
RO18418,20188150,500,1380
RO046081,20048410,500,1380
RO06302,20068031,500,1380
RO17398,20178014,500,1380
RO17400,20178055,500,1380
RO17405,20178134,500,1380
RO17405,20178135,500,1380
RO026004,20027512,500,1380
RO046086,20048511,500,1380
RO01109,20017133,500,1380
RO01115,20018193,500,1380
RO026028,20028032,500,1380
RO08346,20088350,500,1380
RO12327,20128010,500,1380
RO046070,20048190,500,1380
RO06309,20068150,500,1380
RO046086,20048510,500,1380
RO06306,20068110,420,1159.2
RO99304,19995412,500,1380
RO12321,20128165,500,1380
RO17396,20178195,500,1380
RO15371,20158170,500,1380
RO10375,20108309,500,1380
RO99319,19995812,500,1380
RO036049,20038350,500,1380
RO06326,20068470,500,1380
RO12327,20128009,500,1380
RO15367,20158089,500,1380
RO15376,20158249,500,1380
RO01111,20017973,500,1380
RO026014,20027992,500,1380
RO12321,20128164,500,1380
RO17401,20178074,500,1380
RO14352,20148109,500,1380
RO00008,20006173,500,1380
RO036037,20038130,500,1380
RO036047,20038310,500,1380
RO046061,20048010,500,1380
RO046070,20048191,500,1380
RO056103,20058251,500,1380
RO06304,20068071,500,1380
RO06319,20068331,500,1380
RO08358,20088591,500,1380
RO09360,20098330,500,1380
RO09374,20098589,500,1380
RO10380,20108409,500,1380
RO15364,20158029,500,1380
RO15367,20158090,500,1380
RO15369,20158130,500,1380
RO18423,20188250,500,1380
RO99319,19995813,500,1380
RO026018,20027612,500,1380
RO046071,20048210,500,1380
RO046089,20048570,500,1380
RO06322,20068390,500,1380
RO07335,20079150,500,1380
RO09359,20098309,500,1380
RO09374,20098590,500,1380
RO12323,20128205,500,1380
RO15362,20158010,500,1380
RO16381,20168049,500,1380
RO16383,20168089,500,1380
RO16389,20168189,500,1380
RO17399,20178034,500,1380
RO17397,20178214,500,1380
RO99304,19995413,500,1380
RO16389,20168190,500,1380
RO056108,20058351,500,1380
RO00010,20006035,500,1380
RO99305,19995432,500,1380
RO00049,20006153,500,1380
RO06309,20068151,500,1380
RO06314,20068250,500,1380
RO07334,20079131,500,1380
RO08354,20088511,500,1380
RO14350,20148070,500,1380
RO14355,20148170,500,1380
RO15365,20158049,500,1380
RO17401,20178075,500,1380
RO18414,20188090,500,1380
RO99309,19995833,500,1380
RO99302,19996212,500,1380
RO99302,19996213,500,1380
RO00010,20006033,500,1380
RO00048,20006055,500,1380
RO00037,20006115,500,1380
RO026016,20027772,500,1380
RO036034,20038071,500,1380
RO036049,20038351,500,1380
RO036059,20038530,500,1380
RO036060,20038551,500,1380
RO046067,20048130,500,1380
RO056108,20058350,500,1380
RO06306,20068111,500,1380
RO06322,20068391,500,1380
RO07333,20079110,500,1380
RO07337,20079190,500,1380
RO08344,20088330,500,1380
RO08347,20088370,500,1380
RO08349,20088411,500,1380
RO08350,20088430,500,1380
RO08351,20088451,500,1380
RO08353,20088490,500,1380
RO08353,20088491,500,1380
RO09366,20098429,500,1380
RO09369,20098490,500,1380
RO09370,20098510,500,1380
RO09373,20098570,500,1380
RO10382,20108428,500,1380
RO10389,20108528,500,1380
RO10389,20108529,500,1380
RO11302,20118329,500,1380
RO11306,20118410,500,1380
RO12318,20128104,500,1380
RO12324,20128225,500,1380
RO12325,20128244,500,1380
RO12325,20128245,500,1380
RO13337,20138109,500,1380
RO13337,20138110,500,1380
RO14349,20148049,500,1380
RO14349,20148050,500,1380
RO14355,20148169,500,1380
RO15371,20158169,500,1380
RO15378,20158290,500,1380
RO16379,20168009,500,1380
RO16382,20168070,500,1380
RO16391,20168229,500,1380
RO17398,20178015,500,1380
RO17400,20178054,500,1380
RO17406,20178154,500,1380
RO17406,20178155,500,1380
RO17410,20178289,500,1380
RO17410,20178290,500,1380
RO18414,20188089,500,1380
RO18424,20188270,500,1380
RT00543,20006213,250,690
RT00541,20006935,250,690
RT042073,20048791,250,690
RT052200,20058931,250,690
RT06006,20068571,250,690
RT06007,20068591,250,690
RT06020,20068751,250,690
RT07057,20079510,250,690
RT10115,20108609,250,690
RT14068,20148389,250,690
RT15093,20158370,250,690
RT15099,20158430,250,690
RT18191,20188590,250,690
RT06032,20068911,250,690
RT10119,20108648,250,690
RT15106,20158549,250,690
RT00518,20006775,250,690
RT022009,20027432,250,690
RT022154,20027712,250,690
RT022160,20027932,250,690
RT032035,20038671,250,690
RT032055,20038870,270,745.2
RT032190,20039190,250,690
RT032190,20039191,150,414
RT042063,20048651,250,690
RT052118,20058851,250,690
RT06018,20068710,250,690
RT08078,20088710,250,690
RT11018,20118889,220,607.2
RT12021,20128329,250,690
RT12023,20128350,250,690
RT12024,20128370,250,690
RT13051,20138390,190,524.4
RT14076,20148449,250,690
RT14087,20148569,250,690
RT16137,20168549,250,690
RT17155,20178530,250,690
RT17162,20178590,250,690
RT18187,20188009,250,690
RT06014,20068690,250,690
RT08084,20088830,250,690
RT08084,20088831,250,690
RT09092,20098650,250,690
RT11007,20118729,260,717.6
RT99040,19995873,250,690
RT00544,20006553,250,690
RT00550,20007213,250,690
RT00550,20007215,250,690
RT01655,20017453,250,690
RT01619,20017753,250,690
RT022015,20027112,250,690
RT022009,20027433,250,690
RT022006,20027832,250,690
RT022164,20028072,250,690
RT032055,20038871,280,772.8
RT042061,20048610,250,690
RT042064,20048670,250,690
RT042077,20048870,250,690
RT052095,20058550,250,690
RT052104,20058671,250,690
RT052110,20058751,250,690
RT06002,20068530,250,690
RT07049,20079431,250,690
RT08078,20088711,250,690
RT00518,20006773,250,690
RT022165,20027473,250,690
RT022162,20028013,250,690
RT032177,20039031,250,690
RT032181,20039111,250,690
RT042088,20049070,250,690
RT052113,20058790,250,690
RT07055,20079471,250,690
RT09103,20098770,250,690
RT10133,20108828,250,690
RT12032,20128489,250,690
RT14066,20148350,250,690
RT99022,19995552,250,690
RT00542,20006533,250,690
RT00523,20006853,250,690
RT032052,20038850,250,690
RT07065,20079590,250,690
RT99040,19995872,250,690
RT99007,19996192,250,690
RT00528,20006313,250,690
RT00528,20006315,250,690
RT00549,20006475,250,690
RT00547,20006793,250,690
RT01602,20017233,250,690
RT01654,20017553,250,690
RT01624,20017774,250,690
RT01625,20018013,250,690
RT022021,20027213,250,690
RT022005,20027233,250,690
RT022019,20027252,250,690
RT022016,20027553,250,690
RT022164,20028073,250,690
RT032057,20038911,250,690
RT042077,20048871,250,690
RT042078,20048890,250,690
RT06001,20068511,250,690
RT06018,20068711,250,690
RT06028,20068850,250,690
RT06028,20068851,250,690
RT06036,20068971,250,690
RT06037,20068991,250,690
RT09091,20098629,250,690
RT09091,20098630,250,690
RT09094,20098669,250,690
RT09094,20098670,250,690
RT09098,20098689,250,690
RT11012,20118810,250,690
RT12033,20128509,250,690
RT12037,20128549,250,690
RT16131,20168470,250,690
RT17150,20178449,250,690
RT99017,19995052,250,690
RT01654,20017554,250,690
RT09100,20098729,250,690
RT99008,19995312,250,690
RT99005,19995472,250,690
RT99005,19995473,250,690
RT99009,19995932,250,690
RT99038,19996092,250,690
RT99038,19996093,250,690
RT99028,19996112,250,690
RT99006,19996152,250,690
RT99004,19996272,250,690
RT042083,20048990,250,690
RT06006,20068570,250,690
RT07057,20079511,250,690
RT13052,20138409,250,690
RT18179,20188450,250,690
RT99017,19995053,250,690
RT99021,19995093,250,690
RT99027,19995012,250,690
RT99027,19995013,250,690
RT99026,19995192,250,690
RT99036,19995212,250,690
RT99003,19995292,250,690
RT99003,19995293,250,690
RT99008,19995313,250,690
RT99019,19995593,250,690
RT99024,19995672,250,690
RT99024,19995673,250,690
RT99010,19995732,250,690
RT99030,19995912,250,690
RT99030,19995913,250,690
RT99009,19995933,250,690
RT99012,19996052,250,690
RT99028,19996113,250,690
RT99006,19996153,250,690
RT99007,19996193,250,690
RT00517,20006073,250,690
RT00517,20006075,250,690
RT00504,20006193,250,690
RT00504,20006195,250,690
RT00543,20006215,250,690
RT00548,20006233,250,690
RT00548,20006235,250,690
RT00519,20006375,250,690
RT00557,20006393,250,690
RT00557,20006395,250,690
RT00542,20006535,280,772.8
RT00544,20006555,250,690
RT00505,20006593,250,690
RT00505,20006595,250,690
RT00521,20006613,250,690
RT00521,20006615,250,690
RT00558,20006633,250,690
RT00558,20006635,250,690
RT00501,20006973,250,690
RT00501,20006975,250,690
RT00554,20006993,250,690
RT00554,20006995,250,690
RT00556,20007015,220,607.2
RT01633,20017153,250,690
RT01646,20017253,250,690
RT01645,20017473,250,690
RT01606,20017493,250,690
RT01606,20017494,250,690
RT01664,20017734,250,690
RT01624,20017773,250,690
RT01665,20017813,250,690
RT01665,20017814,250,690
RT01647,20017893,250,690
RT01649,20017914,250,690
RT01642,20017933,250,690
RT01625,20018014,250,690
RT022027,20027052,250,690
RT022007,20027452,250,690
RT022007,20027453,250,690
RT022165,20027472,250,690
RT022016,20027552,250,690
RT022153,20027672,250,690
RT022153,20027673,250,690
RT022155,20027692,250,690
RT022008,20027752,250,690
RT022008,20027753,250,690
RT022006,20027833,250,690
RT022022,20027912,250,690
RT022022,20027913,250,690
RT022162,20028012,250,690
RT022028,20028052,250,690
RT022002,20028192,260,717.6
RT022002,20028193,250,690
RT032032,20038630,250,690
RT032032,20038631,250,690
RT032039,20038690,250,690
RT032040,20038710,250,690
RT032040,20038711,250,690
RT032041,20038730,250,690
RT032043,20038750,250,690
RT032045,20038771,190,524.4
RT032050,20038830,250,690
RT032056,20038891,250,690
RT032172,20038950,250,690
RT032172,20038951,250,690
RT032174,20038990,250,690
RT032174,20038991,250,690
RT032178,20039051,250,690
RT032181,20039110,250,690
RT032186,20039131,250,690
RT032187,20039150,250,690
RT042067,20048690,250,690
RT042070,20048750,250,690
RT042074,20048810,250,690
RT042075,20048830,250,690
RT042076,20048850,250,690
RT042079,20048910,250,690
RT042079,20048911,250,690
RT042080,20048930,250,690
RT042082,20048970,250,690
RT042083,20048991,250,690
RT042086,20049031,250,690
RT042087,20049050,250,690
RT042087,20049051,250,690
RT042089,20049091,250,690
RT042194,20049150,250,690
RT052093,20058511,250,690
RT052096,20058570,230,634.8
RT052097,20058590,250,690
RT052097,20058591,250,690
RT052098,20058611,250,690
RT052100,20058651,250,690
RT052104,20058670,250,690
RT052106,20058710,250,690
RT052112,20058771,250,690
RT052115,20058810,250,690
RT052116,20058830,250,690
RT052118,20058850,250,690
RT052197,20058890,250,690
RT052197,20058891,250,690
RT052200,20058930,250,690
RT052201,20058950,250,690
RT052202,20058971,250,690
RT06003,20068550,250,690
RT06003,20068551,250,690
RT06007,20068590,250,690
RT06008,20068610,250,690
RT06008,20068611,250,690
RT06010,20068630,250,690
RT06012,20068650,250,690
RT06012,20068651,250,690
RT06013,20068670,250,690
RT06013,20068671,250,690
RT06026,20068810,250,690
RT06036,20068970,250,690
RT06037,20068990,250,690
RT07038,20079310,250,690
RT07038,20079311,250,690
RT07039,20079330,250,690
RT07043,20079391,250,690
RT07053,20079451,250,690
RT07065,20079591,250,690
RT08079,20088730,250,690
RT08080,20088750,250,690
RT08080,20088751,250,690
RT08088,20088890,250,690
RT09099,20098710,250,690
RT09103,20098769,250,690
RT09108,20098810,250,690
RT09113,20098869,250,690
RT09114,20098889,250,690
RT10115,20108608,250,690
RT10116,20108628,250,690
RT10116,20108629,250,690
RT10119,20108649,250,690
RT10126,20108728,250,690
RT10126,20108729,250,690
RT10132,20108808,250,690
RT10132,20108809,250,690
RT10137,20108848,250,690
RT10137,20108849,250,690
RT11003,20118649,250,690
RT11004,20118669,250,690
RT11009,20118749,250,690
RT11009,20118750,250,690
RT12020,20128309,250,690
RT12025,20128389,250,690
RT12028,20128430,250,690
RT12034,20128530,250,690
RT13044,20138350,250,690
RT13049,20138369,250,690
RT13049,20138370,250,690
RT13052,20138410,250,690
RT13053,20138429,310,855.6
RT13053,20138430,250,690
RT13057,20138509,250,690
RT13057,20138510,250,690
RT13060,20138549,250,690
RT13062,20138589,250,690
RT14067,20148370,250,690
RT14070,20148409,250,690
RT14075,20148429,250,690
RT14075,20148430,250,690
RT14083,20148529,250,690
RT15091,20158329,250,690
RT15091,20158330,250,690
RT15092,20158350,250,690
RT15103,20158489,250,690
RT15103,20158490,250,690
RT15110,20158569,250,690
RT16114,20168310,250,690
RT16121,20168349,250,690
RT16129,20168429,250,690
RT16129,20168430,250,690
RT16130,20168449,250,690
RT16131,20168469,250,690
RT16135,20168529,250,690
RT16135,20168530,250,690
RT16137,20168550,250,690
RT17140,20178309,250,690
RT17144,20178369,250,690
RT17144,20178370,250,690
RT17150,20178450,250,690
RT17153,20178510,250,690
RT18175,20188389,250,690
RT18175,20188390,250,690
RT18178,20188430,250,690
RT18179,20188449,250,690
RT18180,20188469,250,690
RT18188,20188549,250,690
RT00545,20007193,250,690
RT00545,20007195,250,690
RT01652,20017833,250,690
RT01647,20017894,250,690
RT042193,20049130,250,690
RT052110,20058750,250,690
RT11001,20118609,250,690
RT11001,20118610,250,690
RT12029,20128450,190,524.4
RT15105,20158530,250,690
RT00526,20006515,250,690
RT06021,20068770,250,690
RT06021,20068771,250,690
RT18183,20188509,250,690
RT022155,20027693,250,690
RT99012,19996053,250,690
RT01668,20017574,250,690
RT01648,20018214,250,690
RT052098,20058610,250,690
RT99039,19995993,250,690
RT00530,20006713,250,690
RT00530,20006715,250,690
RT00503,20006753,250,690
RT00523,20006855,250,690
RT01652,20017834,250,690
RT022027,20027053,250,690
RT022157,20027073,250,690
RT022015,20027113,250,690
RT022171,20027173,250,690
RT022013,20027393,250,690
RT022154,20027713,250,690
RT022156,20028172,250,690
RT032033,20038651,250,690
RT032060,20038930,250,690
RT032176,20039010,250,690
RT032186,20039130,250,690
RT042078,20048891,240,662.4
RT042084,20049010,250,690
RT042191,20049110,250,690
RT052105,20058690,270,745.2
RT052105,20058691,230,634.8
RT06024,20068791,250,690
RT07040,20079350,250,690
RT07062,20079570,250,690
RT08068,20088631,250,690
RT08073,20088670,250,690
RT10121,20108668,250,690
RT10138,20108869,250,690
RT12037,20128550,250,690
RT14068,20148390,250,690
RT14070,20148410,250,690
RT17151,20178469,220,607.2
RT17152,20178490,250,690
RT18164,20188330,250,690
RT18186,20188530,250,690
RT99004,19996273,250,690
RT00547,20006795,250,690
RT032060,20038931,250,690
RT042080,20048931,250,690
RT052095,20058551,250,690
RT07039,20079331,250,690
RT07043,20079390,250,690
RT08073,20088671,250,690
RT11007,20118730,250,690
RT042191,20049111,250,690
RT18169,20188349,250,690
RT17149,20178430,250,690
RT13062,20138590,250,690
RT01664,20017733,250,690
RT06031,20068891,250,690
RT01646,20017254,250,690
RT01650,20017393,250,690
RT01650,20017394,250,690
RT01604,20017953,250,690
RT022019,20027253,250,690
RT032045,20038770,250,690
RT032179,20039070,250,690
RT042074,20048811,250,690
RT042088,20049071,180,496.8
RT06014,20068691,250,690
RT07042,20079370,250,690
RT07058,20079530,250,690
RT08076,20088690,250,690
RT09105,20098789,250,690
RT09113,20098870,250,690
RT11005,20118689,250,690
RT11005,20118690,250,690
RT13040,20138310,250,690
RT14078,20148469,250,690
RT15092,20158349,250,690
RT15101,20158450,250,690
RT16116,20168329,250,690
RT18180,20188470,250,690
RT18186,20188529,250,690
RT15105,20158529,250,690
RT99026,19995193,250,690
RT99039,19995992,250,690
RT01602,20017234,250,690
RT01653,20017693,250,690
RT01619,20017754,250,690
RT022157,20027072,250,690
RT022021,20027212,250,690
RT022160,20027933,250,690
RT032050,20038831,250,690
RT032056,20038890,250,690
RT032180,20039090,250,690
RT032180,20039091,250,690
RT032187,20039151,250,690
RT042067,20048691,250,690
RT052094,20058531,250,690
RT052096,20058571,260,717.6
RT06029,20068870,250,690
RT06029,20068871,250,690
RT07048,20079410,250,690
RT07048,20079411,250,690
RT08088,20088891,250,690
RT09111,20098850,250,690
RT11006,20118709,250,690
RT11006,20118710,250,690
RT11013,20118829,250,690
RT11013,20118830,250,690
RT12029,20128449,250,690
RT13051,20138389,180,496.8
RT16132,20168490,250,690
RT17142,20178330,250,690
RT17149,20178429,250,690
RT17152,20178489,250,690
RT17153,20178509,250,690
RT042082,20048971,250,690
RT052119,20058870,250,690
RT99036,19995213,250,690
RT99037,19996173,250,690
RT00549,20006473,250,690
RT00520,20006675,280,772.8
RT00525,20006693,250,690
RT01644,20017013,250,690
RT01644,20017014,250,690
RT01655,20017454,250,690
RT01645,20017474,250,690
RT01642,20017934,250,690
RT01604,20017954,160,441.6
RT022171,20027172,250,690
RT022028,20028053,250,690
RT022004,20028092,250,690
RT022004,20028093,250,690
RT022030,20028113,250,690
RT032041,20038731,250,690
RT032178,20039050,250,690
RT032179,20039071,250,690
RT032188,20039170,250,690
RT042064,20048671,250,690
RT042072,20048770,250,690
RT042072,20048771,250,690
RT042073,20048790,250,690
RT042076,20048851,250,690
RT042084,20049011,250,690
RT042086,20049030,250,690
RT042089,20049090,250,690
RT042194,20049151,250,690
RT042196,20049190,250,690
RT042196,20049191,250,690
RT052094,20058530,250,690
RT052100,20058650,250,690
RT052116,20058831,250,690
RT052198,20058910,250,690
RT052198,20058911,250,690
RT052202,20058970,250,690
RT052203,20058991,250,690
RT06027,20068830,180,496.8
RT06031,20068890,250,690
RT07049,20079430,250,690
RT07056,20079491,170,469.2
RT08068,20088630,250,690
RT08081,20088770,250,690
RT08081,20088771,250,690
RT09092,20098649,250,690
RT09105,20098790,250,690
RT10121,20108669,250,690
RT10123,20108688,250,690
RT10123,20108689,250,690
RT10127,20108748,250,690
RT10127,20108749,250,690
RT11002,20118629,250,690
RT11002,20118630,250,690
RT11003,20118650,250,690
RT11004,20118670,250,690
RT11012,20118809,250,690
RT11016,20118869,250,690
RT12020,20128310,180,496.8
RT12021,20128330,210,579.6
RT12024,20128369,250,690
RT12025,20128390,250,690
RT12026,20128409,250,690
RT12026,20128410,250,690
RT13040,20138309,250,690
RT13056,20138490,250,690
RT14063,20148309,250,690
RT14063,20148310,250,690
RT14076,20148450,250,690
RT14080,20148489,250,690
RT14088,20148589,250,690
RT14088,20148590,250,690
RT15097,20158409,250,690
RT15104,20158510,250,690
RT16127,20168409,250,690
RT16127,20168410,250,690
RT16132,20168489,250,690
RT18164,20188329,250,690
RT18169,20188350,250,690
RT18176,20188409,200,552
RT18178,20188429,250,690
RT18181,20188489,250,690
RT18181,20188490,250,690
RT18191,20188589,250,690
RT99001,19995273,250,690
RT99013,19995332,250,690
RT99013,19995333,250,690
RT99022,19995553,250,690
RT99019,19995592,250,690
RT99029,19995612,250,690
RT99029,19995613,250,690
RT00519,20006373,250,690
RT00520,20006673,250,690
RT00525,20006695,250,690
RT00503,20006755,250,690
RT00546,20006953,250,690
RT00556,20007013,220,607.2
RT01668,20017573,250,690
RT01643,20018093,250,690
RT01643,20018094,250,690
RT01648,20018213,250,690
RT022005,20027232,250,690
RT022152,20027852,250,690
RT022152,20027853,250,690
RT022156,20028173,250,690
RT032057,20038910,250,690
RT032188,20039171,170,469.2
RT042061,20048611,250,690
RT042063,20048650,250,690
RT042081,20048951,250,690
RT052099,20058630,250,690
RT052099,20058631,250,690
RT052106,20058711,250,690
RT052113,20058791,250,690
RT052115,20058811,250,690
RT06001,20068510,250,690
RT06010,20068631,250,690
RT06024,20068790,250,690
RT06033,20068930,250,690
RT07053,20079450,250,690
RT07056,20079490,250,690
RT09090,20098609,250,690
RT09099,20098709,250,690
RT10133,20108829,250,690
RT11011,20118789,250,690
RT11016,20118870,250,690
RT12031,20128469,250,690
RT12031,20128470,250,690
RT12033,20128510,250,690
RT12034,20128529,250,690
RT14065,20148329,250,690
RT14065,20148330,250,690
RT14066,20148349,250,690
RT14085,20148549,250,690
RT14085,20148550,250,690
RT14087,20148570,250,690
RT15102,20158469,250,690
RT15102,20158470,250,690
RT15110,20158570,250,690
RT16121,20168350,250,690
RT16123,20168369,250,690
RT16123,20168370,250,690
RT16125,20168389,250,690
RT16125,20168390,250,690
RT17140,20178310,200,552
RT18187,20188010,260,717.6
RT16134,20168509,250,690
RT00526,20006513,250,690
RT01603,20018113,250,690
RT022167,20027133,250,690
RT042068,20048710,250,690
RT052112,20058770,250,690
RT052201,20058951,250,690
RT06032,20068910,250,690
RT07040,20079351,220,607.2
RT07055,20079470,250,690
RT08083,20088810,250,690
RT09100,20098730,250,690
RT09108,20098809,250,690
RT11010,20118769,250,690
RT12023,20128349,250,690
RT13043,20138329,250,690
RT13055,20138469,250,690
RT14078,20148470,250,690
RT18171,20188369,250,690
RT18188,20188550,250,690
RT99021,19995092,250,690
RT99001,19995272,250,690
RT00531,20006453,250,690
RT00531,20006455,250,690
RT00546,20006955,250,690
RT01628,20017053,250,690
RT01628,20017054,250,690
RT01633,20017154,250,690
RT022167,20027132,250,690
RT032035,20038670,250,690
RT032039,20038691,250,690
RT032043,20038751,250,690
RT032046,20038791,250,690
RT032052,20038851,250,690
RT032173,20038970,250,690
RT042069,20048730,250,690
RT042075,20048831,250,690
RT042193,20049131,250,690
RT052203,20058990,250,690
RT06002,20068531,250,690
RT06019,20068731,250,690
RT06033,20068931,250,690
RT07058,20079531,250,690
RT07062,20079571,250,690
RT08079,20088731,250,690
RT10129,20108769,250,690
RT10139,20108888,250,690
RT10139,20108889,250,690
RT11010,20118770,250,690
RT11015,20118850,250,690
RT13043,20138330,250,690
RT13056,20138489,280,772.8
RT13059,20138530,250,690
RT14067,20148369,250,690
RT14080,20148490,250,690
RT15093,20158369,250,690
RT15099,20158429,250,690
RT15104,20158509,250,690
RT15106,20158550,250,690
RT16116,20168330,250,690
RT17143,20178349,250,690
RT17160,20178569,250,690
RT18190,20188569,250,690
RT032048,20038810,250,690
RT032048,20038811,250,690
RT042195,20049170,250,690
RT10131,20108788,250,690
RT11018,20118890,250,690
RT032031,20038610,250,690
RT032033,20038650,250,690
RT042068,20048711,250,690
RT042081,20048950,250,690
RT12032,20128490,250,690
RT12039,20128590,250,690
RT13044,20138349,250,690
RT13055,20138470,250,690
RT13059,20138529,250,690
RT14083,20148530,250,690
RT15112,20158589,250,690
RT15112,20158590,250,690
RT16134,20168510,250,690
RT17155,20178529,250,690
RT17156,20178550,250,690
RT08067,20088611,250,690
RT10131,20108789,250,690
RT06020,20068750,250,690
RT12038,20128570,250,690
RT16114,20168309,250,690
RT17143,20178350,250,690
RT17162,20178589,250,690
RT13061,20138569,250,690
RT01649,20017913,250,690
RT00541,20006933,250,690
RT09111,20098849,250,690
RT15097,20158410,250,690
RT01653,20017694,250,690
RT032046,20038790,250,690
RT042062,20048630,250,690
RT042062,20048631,250,690
RT08082,20088791,250,690
RT09098,20098690,250,690
RT11011,20118790,250,690
RT12028,20128429,250,690
RT12039,20128589,250,690
RT15089,20158310,275,759
RT18171,20188370,250,690
RT052109,20058730,250,690
RT15095,20158389,250,690
RT022013,20027392,250,690
RT032177,20039030,250,690
RT042069,20048731,250,690
RT042195,20049171,250,690
RT052093,20058510,250,690
RT052119,20058871,250,690
RT06019,20068730,250,690
RT07060,20079551,250,690
RT10129,20108768,250,690
RT13061,20138570,250,690
RT15089,20158309,275,759
RT15101,20158449,250,690
RT99010,19995733,250,690
RT01603,20018114,250,690
RT032173,20038971,250,690
RT06026,20068811,180,496.8
RT06035,20068950,250,690
RT06035,20068951,250,690
RT07042,20079371,250,690
RT08083,20088811,250,690
RT09090,20098610,250,690
RT10138,20108868,250,690
RT11015,20118849,250,690
RT13060,20138550,250,690
RT14082,20148509,250,690
RT14082,20148510,250,690
RT16130,20168450,250,690
RT16138,20168569,250,690
RT16138,20168570,250,690
RT16139,20168589,250,690
RT17146,20178389,250,690
RT17148,20178409,250,690
RT17156,20178549,250,690
RT08069,20088651,250,690
RT15095,20158390,250,690
RT18190,20188570,250,690
RT07060,20079550,250,690
RT08086,20088871,250,690
RT99037,19996172,250,690
RT00502,20006833,250,690
RT00502,20006835,250,690
RT022030,20028112,250,690
RT032031,20038611,250,690
RT032176,20039011,180,496.8
RT042070,20048751,250,690
RT052109,20058731,250,690
RT06027,20068831,250,690
RT08067,20088610,250,690
RT08069,20088650,250,690
RT08076,20088691,250,690
RT08082,20088790,250,690
RT08085,20088850,250,690
RT08085,20088851,250,690
RT08086,20088870,250,690
RT09101,20098749,250,690
RT09101,20098750,250,690
RT09114,20098890,250,690
RT12038,20128569,250,690
RT16139,20168590,250,690
RT17142,20178329,250,690
RT17146,20178390,250,690
RT17148,20178410,250,690
RT17151,20178470,250,690
RT17160,20178570,250,690
RT18176,20188410,180,496.8
RT18183,20188510,250,690
